Analysis & Synthesis report for nes
Fri Apr 17 19:09:19 2026
Quartus Prime Version 25.1std.0 Build 1129 10/21/2025 SC Lite Edition


---------------------
; Table of Contents ;
---------------------
  1. Legal Notice
  2. Analysis & Synthesis Summary
  3. Analysis & Synthesis Settings
  4. Parallel Compilation
  5. Analysis & Synthesis Source Files Read
  6. Analysis & Synthesis Resource Usage Summary
  7. Analysis & Synthesis Resource Utilization by Entity
  8. Analysis & Synthesis RAM Summary
  9. Analysis & Synthesis IP Cores Summary
 10. State Machine - |assignment_top|bresenham_fsm:fsm_inst|current_state
 11. Registers Removed During Synthesis
 12. General Register Statistics
 13. Inverted Register Statistics
 14. Registers Packed Into Inferred Megafunctions
 15. Multiplexer Restructuring Statistics (Restructuring Performed)
 16. Source assignments for framebuffer_ram:fb_ram|altsyncram:ram_rtl_0|altsyncram_acn1:auto_generated
 17. Parameter Settings for User Entity Instance: vga_pll:pll_inst|vga_pll_0002:vga_pll_inst|altera_pll:altera_pll_i
 18. Parameter Settings for Inferred Entity Instance: framebuffer_ram:fb_ram|altsyncram:ram_rtl_0
 19. altsyncram Parameter Settings by Entity Instance
 20. Port Connectivity Checks: "vga_sync_generator:sync_gen"
 21. Post-Synthesis Netlist Statistics for Top Partition
 22. Elapsed Time Per Partition
 23. Analysis & Synthesis Messages
 24. Analysis & Synthesis Suppressed Messages



----------------
; Legal Notice ;
----------------
Copyright (C) 2025  Altera Corporation. All rights reserved.
Your use of Altera Corporation's design tools, logic functions 
and other software and tools, and any partner logic 
functions, and any output files from any of the foregoing 
(including device programming or simulation files), and any 
associated documentation or information are expressly subject 
to the terms and conditions of the Altera Program License 
Subscription Agreement, the Altera Quartus Prime License Agreement,
the Altera IP License Agreement, or other applicable license
agreement, including, without limitation, that your use is for
the sole purpose of programming logic devices manufactured by
Altera and sold by Altera or its authorized distributors.  Please
refer to the Altera Software License Subscription Agreements 
on the Quartus Prime software download page.



+-----------------------------------------------------------------------------------+
; Analysis & Synthesis Summary                                                      ;
+---------------------------------+-------------------------------------------------+
; Analysis & Synthesis Status     ; Successful - Fri Apr 17 19:09:19 2026           ;
; Quartus Prime Version           ; 25.1std.0 Build 1129 10/21/2025 SC Lite Edition ;
; Revision Name                   ; nes                                             ;
; Top-level Entity Name           ; assignment_top                                  ;
; Family                          ; Cyclone V                                       ;
; Logic utilization (in ALMs)     ; N/A                                             ;
; Total registers                 ; 186                                             ;
; Total pins                      ; 96                                              ;
; Total virtual pins              ; 0                                               ;
; Total block memory bits         ; 57,600                                          ;
; Total DSP Blocks                ; 0                                               ;
; Total HSSI RX PCSs              ; 0                                               ;
; Total HSSI PMA RX Deserializers ; 0                                               ;
; Total HSSI TX PCSs              ; 0                                               ;
; Total HSSI PMA TX Serializers   ; 0                                               ;
; Total PLLs                      ; 1                                               ;
; Total DLLs                      ; 0                                               ;
+---------------------------------+-------------------------------------------------+


+---------------------------------------------------------------------------------------------------------------------------+
; Analysis & Synthesis Settings                                                                                             ;
+---------------------------------------------------------------------------------+--------------------+--------------------+
; Option                                                                          ; Setting            ; Default Value      ;
+---------------------------------------------------------------------------------+--------------------+--------------------+
; Device                                                                          ; 5CSXFC6D6F31C6     ;                    ;
; Top-level entity name                                                           ; assignment_top     ; nes                ;
; Family name                                                                     ; Cyclone V          ; Cyclone V          ;
; Use smart compilation                                                           ; Off                ; Off                ;
; Enable parallel Assembler and Timing Analyzer during compilation                ; On                 ; On                 ;
; Enable compact report table                                                     ; Off                ; Off                ;
; Restructure Multiplexers                                                        ; Auto               ; Auto               ;
; MLAB Add Timing Constraints For Mixed-Port Feed-Through Mode Setting Don't Care ; Off                ; Off                ;
; Create Debugging Nodes for IP Cores                                             ; Off                ; Off                ;
; Preserve fewer node names                                                       ; On                 ; On                 ;
; Intel FPGA IP Evaluation Mode                                                   ; Enable             ; Enable             ;
; Verilog Version                                                                 ; Verilog_2001       ; Verilog_2001       ;
; VHDL Version                                                                    ; VHDL_1993          ; VHDL_1993          ;
; State Machine Processing                                                        ; Auto               ; Auto               ;
; Safe State Machine                                                              ; Off                ; Off                ;
; Extract Verilog State Machines                                                  ; On                 ; On                 ;
; Extract VHDL State Machines                                                     ; On                 ; On                 ;
; Ignore Verilog initial constructs                                               ; Off                ; Off                ;
; Iteration limit for constant Verilog loops                                      ; 5000               ; 5000               ;
; Iteration limit for non-constant Verilog loops                                  ; 250                ; 250                ;
; Add Pass-Through Logic to Inferred RAMs                                         ; On                 ; On                 ;
; Infer RAMs from Raw Logic                                                       ; On                 ; On                 ;
; Parallel Synthesis                                                              ; On                 ; On                 ;
; DSP Block Balancing                                                             ; Auto               ; Auto               ;
; NOT Gate Push-Back                                                              ; On                 ; On                 ;
; Power-Up Don't Care                                                             ; On                 ; On                 ;
; Remove Redundant Logic Cells                                                    ; Off                ; Off                ;
; Remove Duplicate Registers                                                      ; On                 ; On                 ;
; Ignore CARRY Buffers                                                            ; Off                ; Off                ;
; Ignore CASCADE Buffers                                                          ; Off                ; Off                ;
; Ignore GLOBAL Buffers                                                           ; Off                ; Off                ;
; Ignore ROW GLOBAL Buffers                                                       ; Off                ; Off                ;
; Ignore LCELL Buffers                                                            ; Off                ; Off                ;
; Ignore SOFT Buffers                                                             ; On                 ; On                 ;
; Limit AHDL Integers to 32 Bits                                                  ; Off                ; Off                ;
; Optimization Technique                                                          ; Balanced           ; Balanced           ;
; Carry Chain Length                                                              ; 70                 ; 70                 ;
; Auto Carry Chains                                                               ; On                 ; On                 ;
; Auto Open-Drain Pins                                                            ; On                 ; On                 ;
; Perform WYSIWYG Primitive Resynthesis                                           ; Off                ; Off                ;
; Auto ROM Replacement                                                            ; On                 ; On                 ;
; Auto RAM Replacement                                                            ; On                 ; On                 ;
; Auto DSP Block Replacement                                                      ; On                 ; On                 ;
; Auto Shift Register Replacement                                                 ; Auto               ; Auto               ;
; Allow Shift Register Merging across Hierarchies                                 ; Auto               ; Auto               ;
; Auto Clock Enable Replacement                                                   ; On                 ; On                 ;
; Strict RAM Replacement                                                          ; Off                ; Off                ;
; Allow Synchronous Control Signals                                               ; On                 ; On                 ;
; Force Use of Synchronous Clear Signals                                          ; Off                ; Off                ;
; Auto Resource Sharing                                                           ; Off                ; Off                ;
; Allow Any RAM Size For Recognition                                              ; Off                ; Off                ;
; Allow Any ROM Size For Recognition                                              ; Off                ; Off                ;
; Allow Any Shift Register Size For Recognition                                   ; Off                ; Off                ;
; Use LogicLock Constraints during Resource Balancing                             ; On                 ; On                 ;
; Ignore translate_off and synthesis_off directives                               ; Off                ; Off                ;
; Timing-Driven Synthesis                                                         ; On                 ; On                 ;
; Report Parameter Settings                                                       ; On                 ; On                 ;
; Report Source Assignments                                                       ; On                 ; On                 ;
; Report Connectivity Checks                                                      ; On                 ; On                 ;
; Ignore Maximum Fan-Out Assignments                                              ; Off                ; Off                ;
; Synchronization Register Chain Length                                           ; 3                  ; 3                  ;
; Power Optimization During Synthesis                                             ; Normal compilation ; Normal compilation ;
; HDL message level                                                               ; Level2             ; Level2             ;
; Suppress Register Optimization Related Messages                                 ; Off                ; Off                ;
; Number of Removed Registers Reported in Synthesis Report                        ; 5000               ; 5000               ;
; Number of Swept Nodes Reported in Synthesis Report                              ; 5000               ; 5000               ;
; Number of Inverted Registers Reported in Synthesis Report                       ; 100                ; 100                ;
; Clock MUX Protection                                                            ; On                 ; On                 ;
; Auto Gated Clock Conversion                                                     ; Off                ; Off                ;
; Block Design Naming                                                             ; Auto               ; Auto               ;
; SDC constraint protection                                                       ; Off                ; Off                ;
; Synthesis Effort                                                                ; Auto               ; Auto               ;
; Shift Register Replacement - Allow Asynchronous Clear Signal                    ; On                 ; On                 ;
; Pre-Mapping Resynthesis Optimization                                            ; Off                ; Off                ;
; Analysis & Synthesis Message Level                                              ; Medium             ; Medium             ;
; Disable Register Merging Across Hierarchies                                     ; Auto               ; Auto               ;
; Resource Aware Inference For Block RAM                                          ; On                 ; On                 ;
; Automatic Parallel Synthesis                                                    ; On                 ; On                 ;
; Partial Reconfiguration Bitstream ID                                            ; Off                ; Off                ;
+---------------------------------------------------------------------------------+--------------------+--------------------+


+------------------------------------------+
; Parallel Compilation                     ;
+----------------------------+-------------+
; Processors                 ; Number      ;
+----------------------------+-------------+
; Number detected on machine ; 8           ;
; Maximum allowed            ; 4           ;
;                            ;             ;
; Average used               ; 1.00        ;
; Maximum used               ; 4           ;
;                            ;             ;
; Usage by Processor         ; % Time Used ;
;     Processor 1            ; 100.0%      ;
;     Processor 2            ;   0.0%      ;
;     Processors 3-4         ;   0.0%      ;
+----------------------------+-------------+


+-----------------------------------------------------------------------------------------------------------------------------------------------------------------------------------------------+
; Analysis & Synthesis Source Files Read                                                                                                                                                        ;
+------------------------------------------+-----------------+------------------------------+-----------------------------------------------------------------------------------------+---------+
; File Name with User-Entered Path         ; Used in Netlist ; File Type                    ; File Name with Absolute Path                                                            ; Library ;
+------------------------------------------+-----------------+------------------------------+-----------------------------------------------------------------------------------------+---------+
; video_subsystem/challenge_generator.v    ; yes             ; User Verilog HDL File        ; /home/someone/hassaan/nes/video_subsystem/challenge_generator.v                         ;         ;
; video_subsystem/assignment_top.v         ; yes             ; User Verilog HDL File        ; /home/someone/hassaan/nes/video_subsystem/assignment_top.v                              ;         ;
; video_subsystem/bresenham_fsm.v          ; yes             ; User Verilog HDL File        ; /home/someone/hassaan/nes/video_subsystem/bresenham_fsm.v                               ;         ;
; video_subsystem/vga/vga_sync_generator.v ; yes             ; User Verilog HDL File        ; /home/someone/hassaan/nes/video_subsystem/vga/vga_sync_generator.v                      ;         ;
; vga_pll.v                                ; yes             ; User Wizard-Generated File   ; /home/someone/hassaan/nes/vga_pll.v                                                     ; vga_pll ;
; vga_pll/vga_pll_0002.v                   ; yes             ; User Verilog HDL File        ; /home/someone/hassaan/nes/vga_pll/vga_pll_0002.v                                        ; vga_pll ;
; output_files/hex_decoder.v               ; yes             ; User Verilog HDL File        ; /home/someone/hassaan/nes/output_files/hex_decoder.v                                    ;         ;
; altera_pll.v                             ; yes             ; Megafunction                 ; /home/someone/altera_lite/25.1std/quartus/libraries/megafunctions/altera_pll.v          ;         ;
; altsyncram.tdf                           ; yes             ; Megafunction                 ; /home/someone/altera_lite/25.1std/quartus/libraries/megafunctions/altsyncram.tdf        ;         ;
; stratix_ram_block.inc                    ; yes             ; Megafunction                 ; /home/someone/altera_lite/25.1std/quartus/libraries/megafunctions/stratix_ram_block.inc ;         ;
; lpm_mux.inc                              ; yes             ; Megafunction                 ; /home/someone/altera_lite/25.1std/quartus/libraries/megafunctions/lpm_mux.inc           ;         ;
; lpm_decode.inc                           ; yes             ; Megafunction                 ; /home/someone/altera_lite/25.1std/quartus/libraries/megafunctions/lpm_decode.inc        ;         ;
; aglobal251.inc                           ; yes             ; Megafunction                 ; /home/someone/altera_lite/25.1std/quartus/libraries/megafunctions/aglobal251.inc        ;         ;
; a_rdenreg.inc                            ; yes             ; Megafunction                 ; /home/someone/altera_lite/25.1std/quartus/libraries/megafunctions/a_rdenreg.inc         ;         ;
; altrom.inc                               ; yes             ; Megafunction                 ; /home/someone/altera_lite/25.1std/quartus/libraries/megafunctions/altrom.inc            ;         ;
; altram.inc                               ; yes             ; Megafunction                 ; /home/someone/altera_lite/25.1std/quartus/libraries/megafunctions/altram.inc            ;         ;
; altdpram.inc                             ; yes             ; Megafunction                 ; /home/someone/altera_lite/25.1std/quartus/libraries/megafunctions/altdpram.inc          ;         ;
; db/altsyncram_acn1.tdf                   ; yes             ; Auto-Generated Megafunction  ; /home/someone/hassaan/nes/db/altsyncram_acn1.tdf                                        ;         ;
; db/decode_7la.tdf                        ; yes             ; Auto-Generated Megafunction  ; /home/someone/hassaan/nes/db/decode_7la.tdf                                             ;         ;
; db/mux_ifb.tdf                           ; yes             ; Auto-Generated Megafunction  ; /home/someone/hassaan/nes/db/mux_ifb.tdf                                                ;         ;
+------------------------------------------+-----------------+------------------------------+-----------------------------------------------------------------------------------------+---------+


+---------------------------------------------------------------------------------------------------------------------------------+
; Analysis & Synthesis Resource Usage Summary                                                                                     ;
+---------------------------------------------+-----------------------------------------------------------------------------------+
; Resource                                    ; Usage                                                                             ;
+---------------------------------------------+-----------------------------------------------------------------------------------+
; Estimate of Logic utilization (ALMs needed) ; 239                                                                               ;
;                                             ;                                                                                   ;
; Combinational ALUT usage for logic          ; 434                                                                               ;
;     -- 7 input functions                    ; 3                                                                                 ;
;     -- 6 input functions                    ; 38                                                                                ;
;     -- 5 input functions                    ; 55                                                                                ;
;     -- 4 input functions                    ; 46                                                                                ;
;     -- <=3 input functions                  ; 292                                                                               ;
;                                             ;                                                                                   ;
; Dedicated logic registers                   ; 186                                                                               ;
;                                             ;                                                                                   ;
; I/O pins                                    ; 96                                                                                ;
; Total MLAB memory bits                      ; 0                                                                                 ;
; Total block memory bits                     ; 57600                                                                             ;
;                                             ;                                                                                   ;
; Total DSP Blocks                            ; 0                                                                                 ;
;                                             ;                                                                                   ;
; Total PLLs                                  ; 1                                                                                 ;
;     -- PLLs                                 ; 1                                                                                 ;
;                                             ;                                                                                   ;
; Maximum fan-out node                        ; vga_pll:pll_inst|vga_pll_0002:vga_pll_inst|altera_pll:altera_pll_i|outclk_wire[0] ;
; Maximum fan-out                             ; 198                                                                               ;
; Total fan-out                               ; 2495                                                                              ;
; Average fan-out                             ; 3.04                                                                              ;
+---------------------------------------------+-----------------------------------------------------------------------------------+


+---------------------------------------------------------------------------------------------------------------------------------------------------------------------------------------------------------------------------------------------------------------------------------------------------------+
; Analysis & Synthesis Resource Utilization by Entity                                                                                                                                                                                                                                                     ;
+-------------------------------------------+---------------------+---------------------------+-------------------+------------+------+--------------+---------------------------------------------------------------------------------------------------------------+---------------------+--------------+
; Compilation Hierarchy Node                ; Combinational ALUTs ; Dedicated Logic Registers ; Block Memory Bits ; DSP Blocks ; Pins ; Virtual Pins ; Full Hierarchy Name                                                                                           ; Entity Name         ; Library Name ;
+-------------------------------------------+---------------------+---------------------------+-------------------+------------+------+--------------+---------------------------------------------------------------------------------------------------------------+---------------------+--------------+
; |assignment_top                           ; 434 (39)            ; 186 (4)                   ; 57600             ; 0          ; 96   ; 0            ; |assignment_top                                                                                               ; assignment_top      ; work         ;
;    |bresenham_fsm:fsm_inst|               ; 288 (288)           ; 92 (92)                   ; 0                 ; 0          ; 0    ; 0            ; |assignment_top|bresenham_fsm:fsm_inst                                                                        ; bresenham_fsm       ; work         ;
;    |challenge_generator:gen_inst|         ; 67 (67)             ; 65 (65)                   ; 0                 ; 0          ; 0    ; 0            ; |assignment_top|challenge_generator:gen_inst                                                                  ; challenge_generator ; work         ;
;    |framebuffer_ram:fb_ram|               ; 3 (0)               ; 2 (0)                     ; 57600             ; 0          ; 0    ; 0            ; |assignment_top|framebuffer_ram:fb_ram                                                                        ; framebuffer_ram     ; work         ;
;       |altsyncram:ram_rtl_0|              ; 3 (0)               ; 2 (0)                     ; 57600             ; 0          ; 0    ; 0            ; |assignment_top|framebuffer_ram:fb_ram|altsyncram:ram_rtl_0                                                   ; altsyncram          ; work         ;
;          |altsyncram_acn1:auto_generated| ; 3 (0)               ; 2 (2)                     ; 57600             ; 0          ; 0    ; 0            ; |assignment_top|framebuffer_ram:fb_ram|altsyncram:ram_rtl_0|altsyncram_acn1:auto_generated                    ; altsyncram_acn1     ; work         ;
;             |decode_7la:decode2|          ; 3 (3)               ; 0 (0)                     ; 0                 ; 0          ; 0    ; 0            ; |assignment_top|framebuffer_ram:fb_ram|altsyncram:ram_rtl_0|altsyncram_acn1:auto_generated|decode_7la:decode2 ; decode_7la          ; work         ;
;    |hex_decoder:hex0_inst|                ; 7 (7)               ; 0 (0)                     ; 0                 ; 0          ; 0    ; 0            ; |assignment_top|hex_decoder:hex0_inst                                                                         ; hex_decoder         ; work         ;
;    |vga_pll:pll_inst|                     ; 0 (0)               ; 0 (0)                     ; 0                 ; 0          ; 0    ; 0            ; |assignment_top|vga_pll:pll_inst                                                                              ; vga_pll             ; vga_pll      ;
;       |vga_pll_0002:vga_pll_inst|         ; 0 (0)               ; 0 (0)                     ; 0                 ; 0          ; 0    ; 0            ; |assignment_top|vga_pll:pll_inst|vga_pll_0002:vga_pll_inst                                                    ; vga_pll_0002        ; vga_pll      ;
;          |altera_pll:altera_pll_i|        ; 0 (0)               ; 0 (0)                     ; 0                 ; 0          ; 0    ; 0            ; |assignment_top|vga_pll:pll_inst|vga_pll_0002:vga_pll_inst|altera_pll:altera_pll_i                            ; altera_pll          ; work         ;
;    |vga_sync_generator:sync_gen|          ; 30 (30)             ; 23 (23)                   ; 0                 ; 0          ; 0    ; 0            ; |assignment_top|vga_sync_generator:sync_gen                                                                   ; vga_sync_generator  ; work         ;
+-------------------------------------------+---------------------+---------------------------+-------------------+------------+------+--------------+---------------------------------------------------------------------------------------------------------------+---------------------+--------------+
Note: For table entries with two numbers listed, the numbers in parentheses indicate the number of resources of the given type used by the specific entity alone. The numbers listed outside of parentheses indicate the total resources of the given type used by the specific entity and all of its sub-entities in the hierarchy.


+--------------------------------------------------------------------------------------------------------------------------------------------------------------------------------------------+
; Analysis & Synthesis RAM Summary                                                                                                                                                           ;
+---------------------------------------------------------------------------------------+------+------------------+--------------+--------------+--------------+--------------+-------+------+
; Name                                                                                  ; Type ; Mode             ; Port A Depth ; Port A Width ; Port B Depth ; Port B Width ; Size  ; MIF  ;
+---------------------------------------------------------------------------------------+------+------------------+--------------+--------------+--------------+--------------+-------+------+
; framebuffer_ram:fb_ram|altsyncram:ram_rtl_0|altsyncram_acn1:auto_generated|ALTSYNCRAM ; AUTO ; Simple Dual Port ; 19200        ; 3            ; 19200        ; 3            ; 57600 ; None ;
+---------------------------------------------------------------------------------------+------+------------------+--------------+--------------+--------------+--------------+-------+------+


+--------------------------------------------------------------------------------------------------------------------+
; Analysis & Synthesis IP Cores Summary                                                                              ;
+--------+--------------+---------+--------------+--------------+----------------------------------+-----------------+
; Vendor ; IP Core Name ; Version ; Release Date ; License Type ; Entity Instance                  ; IP Include File ;
+--------+--------------+---------+--------------+--------------+----------------------------------+-----------------+
; Altera ; altera_pll   ; 25.1    ; N/A          ; N/A          ; |assignment_top|vga_pll:pll_inst ; vga_pll.v       ;
+--------+--------------+---------+--------------+--------------+----------------------------------+-----------------+


Encoding Type:  One-Hot
+----------------------------------------------------------------------------------------------------------------------------------------------------------------------------------------------------------------------------------------------------------------------------------------------------------------------------------------------+
; State Machine - |assignment_top|bresenham_fsm:fsm_inst|current_state                                                                                                                                                                                                                                                                         ;
+----------------------------+------------------------+------------------------+------------------------+------------------------+------------------------+------------------------+------------------------+------------------------+------------------------+----------------------+----------------------------+----------------------------+
; Name                       ; current_state.S_UPDATE ; current_state.S_DRAW_8 ; current_state.S_DRAW_7 ; current_state.S_DRAW_6 ; current_state.S_DRAW_5 ; current_state.S_DRAW_4 ; current_state.S_DRAW_3 ; current_state.S_DRAW_2 ; current_state.S_DRAW_1 ; current_state.S_IDLE ; current_state.S_CLEAR_LOOP ; current_state.S_CLEAR_INIT ;
+----------------------------+------------------------+------------------------+------------------------+------------------------+------------------------+------------------------+------------------------+------------------------+------------------------+----------------------+----------------------------+----------------------------+
; current_state.S_CLEAR_INIT ; 0                      ; 0                      ; 0                      ; 0                      ; 0                      ; 0                      ; 0                      ; 0                      ; 0                      ; 0                    ; 0                          ; 0                          ;
; current_state.S_CLEAR_LOOP ; 0                      ; 0                      ; 0                      ; 0                      ; 0                      ; 0                      ; 0                      ; 0                      ; 0                      ; 0                    ; 1                          ; 1                          ;
; current_state.S_IDLE       ; 0                      ; 0                      ; 0                      ; 0                      ; 0                      ; 0                      ; 0                      ; 0                      ; 0                      ; 1                    ; 0                          ; 1                          ;
; current_state.S_DRAW_1     ; 0                      ; 0                      ; 0                      ; 0                      ; 0                      ; 0                      ; 0                      ; 0                      ; 1                      ; 0                    ; 0                          ; 1                          ;
; current_state.S_DRAW_2     ; 0                      ; 0                      ; 0                      ; 0                      ; 0                      ; 0                      ; 0                      ; 1                      ; 0                      ; 0                    ; 0                          ; 1                          ;
; current_state.S_DRAW_3     ; 0                      ; 0                      ; 0                      ; 0                      ; 0                      ; 0                      ; 1                      ; 0                      ; 0                      ; 0                    ; 0                          ; 1                          ;
; current_state.S_DRAW_4     ; 0                      ; 0                      ; 0                      ; 0                      ; 0                      ; 1                      ; 0                      ; 0                      ; 0                      ; 0                    ; 0                          ; 1                          ;
; current_state.S_DRAW_5     ; 0                      ; 0                      ; 0                      ; 0                      ; 1                      ; 0                      ; 0                      ; 0                      ; 0                      ; 0                    ; 0                          ; 1                          ;
; current_state.S_DRAW_6     ; 0                      ; 0                      ; 0                      ; 1                      ; 0                      ; 0                      ; 0                      ; 0                      ; 0                      ; 0                    ; 0                          ; 1                          ;
; current_state.S_DRAW_7     ; 0                      ; 0                      ; 1                      ; 0                      ; 0                      ; 0                      ; 0                      ; 0                      ; 0                      ; 0                    ; 0                          ; 1                          ;
; current_state.S_DRAW_8     ; 0                      ; 1                      ; 0                      ; 0                      ; 0                      ; 0                      ; 0                      ; 0                      ; 0                      ; 0                    ; 0                          ; 1                          ;
; current_state.S_UPDATE     ; 1                      ; 0                      ; 0                      ; 0                      ; 0                      ; 0                      ; 0                      ; 0                      ; 0                      ; 0                    ; 0                          ; 1                          ;
+----------------------------+------------------------+------------------------+------------------------+------------------------+------------------------+------------------------+------------------------+------------------------+------------------------+----------------------+----------------------------+----------------------------+


+---------------------------------------------------------------------------------+
; Registers Removed During Synthesis                                              ;
+----------------------------------------+----------------------------------------+
; Register name                          ; Reason for Removal                     ;
+----------------------------------------+----------------------------------------+
; bresenham_fsm:fsm_inst|cy[7]           ; Stuck at GND due to stuck port data_in ;
; bresenham_fsm:fsm_inst|d[0]            ; Stuck at VCC due to stuck port data_in ;
; bresenham_fsm:fsm_inst|current_state~4 ; Lost fanout                            ;
; bresenham_fsm:fsm_inst|current_state~5 ; Lost fanout                            ;
; bresenham_fsm:fsm_inst|current_state~6 ; Lost fanout                            ;
; bresenham_fsm:fsm_inst|current_state~7 ; Lost fanout                            ;
; Total Number of Removed Registers = 6  ;                                        ;
+----------------------------------------+----------------------------------------+


+------------------------------------------------------+
; General Register Statistics                          ;
+----------------------------------------------+-------+
; Statistic                                    ; Value ;
+----------------------------------------------+-------+
; Total registers                              ; 186   ;
; Number of registers using Synchronous Clear  ; 79    ;
; Number of registers using Synchronous Load   ; 8     ;
; Number of registers using Asynchronous Clear ; 100   ;
; Number of registers using Asynchronous Load  ; 0     ;
; Number of registers using Clock Enable       ; 130   ;
; Number of registers using Preset             ; 0     ;
+----------------------------------------------+-------+


+-----------------------------------------------------+
; Inverted Register Statistics                        ;
+-------------------------------------------+---------+
; Inverted Register                         ; Fan out ;
+-------------------------------------------+---------+
; vga_sync_generator:sync_gen|h_sync        ; 1       ;
; vga_sync_generator:sync_gen|v_sync        ; 1       ;
; challenge_generator:gen_inst|gen_color[2] ; 1       ;
; challenge_generator:gen_inst|gen_color[1] ; 1       ;
; challenge_generator:gen_inst|gen_color[0] ; 1       ;
; challenge_generator:gen_inst|lfsr[15]     ; 4       ;
; challenge_generator:gen_inst|lfsr[13]     ; 10      ;
; challenge_generator:gen_inst|gen_cx[4]    ; 1       ;
; challenge_generator:gen_inst|lfsr[5]      ; 7       ;
; challenge_generator:gen_inst|lfsr[7]      ; 7       ;
; challenge_generator:gen_inst|lfsr[6]      ; 7       ;
; challenge_generator:gen_inst|lfsr[11]     ; 6       ;
; challenge_generator:gen_inst|lfsr[10]     ; 4       ;
; challenge_generator:gen_inst|lfsr[0]      ; 4       ;
; challenge_generator:gen_inst|gen_cx[6]    ; 1       ;
; challenge_generator:gen_inst|gen_cy[2]    ; 1       ;
; challenge_generator:gen_inst|gen_cy[3]    ; 1       ;
; challenge_generator:gen_inst|gen_cy[4]    ; 1       ;
; challenge_generator:gen_inst|gen_cy[5]    ; 1       ;
; Total number of inverted registers = 19   ;         ;
+-------------------------------------------+---------+


+--------------------------------------------------------------------------+
; Registers Packed Into Inferred Megafunctions                             ;
+--------------------------------+----------------------------------+------+
; Register Name                  ; Megafunction                     ; Type ;
+--------------------------------+----------------------------------+------+
; framebuffer_ram:fb_ram|q[0..2] ; framebuffer_ram:fb_ram|ram_rtl_0 ; RAM  ;
+--------------------------------+----------------------------------+------+


+-----------------------------------------------------------------------------------------------------------------------------------------------------------------------------+
; Multiplexer Restructuring Statistics (Restructuring Performed)                                                                                                              ;
+--------------------+-----------+---------------+----------------------+------------------------+------------+---------------------------------------------------------------+
; Multiplexer Inputs ; Bus Width ; Baseline Area ; Area if Restructured ; Saving if Restructured ; Registered ; Example Multiplexer Output                                    ;
+--------------------+-----------+---------------+----------------------+------------------------+------------+---------------------------------------------------------------+
; 3:1                ; 24 bits   ; 48 LEs        ; 0 LEs                ; 48 LEs                 ; Yes        ; |assignment_top|challenge_generator:gen_inst|delay_counter[5] ;
; 3:1                ; 7 bits    ; 14 LEs        ; 7 LEs                ; 7 LEs                  ; Yes        ; |assignment_top|bresenham_fsm:fsm_inst|clear_y[1]             ;
; 3:1                ; 16 bits   ; 32 LEs        ; 0 LEs                ; 32 LEs                 ; Yes        ; |assignment_top|bresenham_fsm:fsm_inst|x[2]                   ;
; 3:1                ; 10 bits   ; 20 LEs        ; 0 LEs                ; 20 LEs                 ; Yes        ; |assignment_top|bresenham_fsm:fsm_inst|y[15]                  ;
; 4:1                ; 8 bits    ; 16 LEs        ; 0 LEs                ; 16 LEs                 ; Yes        ; |assignment_top|bresenham_fsm:fsm_inst|clear_x[2]             ;
; 4:1                ; 9 bits    ; 18 LEs        ; 18 LEs               ; 0 LEs                  ; Yes        ; |assignment_top|bresenham_fsm:fsm_inst|d[15]                  ;
; 4:1                ; 6 bits    ; 12 LEs        ; 12 LEs               ; 0 LEs                  ; Yes        ; |assignment_top|bresenham_fsm:fsm_inst|y[1]                   ;
; 5:1                ; 6 bits    ; 18 LEs        ; 12 LEs               ; 6 LEs                  ; Yes        ; |assignment_top|bresenham_fsm:fsm_inst|d[6]                   ;
; 6:1                ; 2 bits    ; 8 LEs         ; 6 LEs                ; 2 LEs                  ; No         ; |assignment_top|bresenham_fsm:fsm_inst|Selector3              ;
; 9:1                ; 7 bits    ; 42 LEs        ; 21 LEs               ; 21 LEs                 ; No         ; |assignment_top|bresenham_fsm:fsm_inst|plot_y[5]              ;
; 9:1                ; 8 bits    ; 48 LEs        ; 24 LEs               ; 24 LEs                 ; No         ; |assignment_top|bresenham_fsm:fsm_inst|ram_addr[3]            ;
+--------------------+-----------+---------------+----------------------+------------------------+------------+---------------------------------------------------------------+


+---------------------------------------------------------------------------------------------------+
; Source assignments for framebuffer_ram:fb_ram|altsyncram:ram_rtl_0|altsyncram_acn1:auto_generated ;
+---------------------------------+--------------------+------+-------------------------------------+
; Assignment                      ; Value              ; From ; To                                  ;
+---------------------------------+--------------------+------+-------------------------------------+
; OPTIMIZE_POWER_DURING_SYNTHESIS ; NORMAL_COMPILATION ; -    ; -                                   ;
+---------------------------------+--------------------+------+-------------------------------------+


+-----------------------------------------------------------------------------------------------------------------+
; Parameter Settings for User Entity Instance: vga_pll:pll_inst|vga_pll_0002:vga_pll_inst|altera_pll:altera_pll_i ;
+--------------------------------------+------------------------+-------------------------------------------------+
; Parameter Name                       ; Value                  ; Type                                            ;
+--------------------------------------+------------------------+-------------------------------------------------+
; reference_clock_frequency            ; 50.0 MHz               ; String                                          ;
; fractional_vco_multiplier            ; false                  ; String                                          ;
; pll_type                             ; General                ; String                                          ;
; pll_subtype                          ; General                ; String                                          ;
; number_of_clocks                     ; 1                      ; Signed Integer                                  ;
; operation_mode                       ; direct                 ; String                                          ;
; deserialization_factor               ; 4                      ; Signed Integer                                  ;
; data_rate                            ; 0                      ; Signed Integer                                  ;
; sim_additional_refclk_cycles_to_lock ; 0                      ; Signed Integer                                  ;
; output_clock_frequency0              ; 25.175644 MHz          ; String                                          ;
; phase_shift0                         ; 0 ps                   ; String                                          ;
; duty_cycle0                          ; 50                     ; Signed Integer                                  ;
; output_clock_frequency1              ; 0 MHz                  ; String                                          ;
; phase_shift1                         ; 0 ps                   ; String                                          ;
; duty_cycle1                          ; 50                     ; Signed Integer                                  ;
; output_clock_frequency2              ; 0 MHz                  ; String                                          ;
; phase_shift2                         ; 0 ps                   ; String                                          ;
; duty_cycle2                          ; 50                     ; Signed Integer                                  ;
; output_clock_frequency3              ; 0 MHz                  ; String                                          ;
; phase_shift3                         ; 0 ps                   ; String                                          ;
; duty_cycle3                          ; 50                     ; Signed Integer                                  ;
; output_clock_frequency4              ; 0 MHz                  ; String                                          ;
; phase_shift4                         ; 0 ps                   ; String                                          ;
; duty_cycle4                          ; 50                     ; Signed Integer                                  ;
; output_clock_frequency5              ; 0 MHz                  ; String                                          ;
; phase_shift5                         ; 0 ps                   ; String                                          ;
; duty_cycle5                          ; 50                     ; Signed Integer                                  ;
; output_clock_frequency6              ; 0 MHz                  ; String                                          ;
; phase_shift6                         ; 0 ps                   ; String                                          ;
; duty_cycle6                          ; 50                     ; Signed Integer                                  ;
; output_clock_frequency7              ; 0 MHz                  ; String                                          ;
; phase_shift7                         ; 0 ps                   ; String                                          ;
; duty_cycle7                          ; 50                     ; Signed Integer                                  ;
; output_clock_frequency8              ; 0 MHz                  ; String                                          ;
; phase_shift8                         ; 0 ps                   ; String                                          ;
; duty_cycle8                          ; 50                     ; Signed Integer                                  ;
; output_clock_frequency9              ; 0 MHz                  ; String                                          ;
; phase_shift9                         ; 0 ps                   ; String                                          ;
; duty_cycle9                          ; 50                     ; Signed Integer                                  ;
; output_clock_frequency10             ; 0 MHz                  ; String                                          ;
; phase_shift10                        ; 0 ps                   ; String                                          ;
; duty_cycle10                         ; 50                     ; Signed Integer                                  ;
; output_clock_frequency11             ; 0 MHz                  ; String                                          ;
; phase_shift11                        ; 0 ps                   ; String                                          ;
; duty_cycle11                         ; 50                     ; Signed Integer                                  ;
; output_clock_frequency12             ; 0 MHz                  ; String                                          ;
; phase_shift12                        ; 0 ps                   ; String                                          ;
; duty_cycle12                         ; 50                     ; Signed Integer                                  ;
; output_clock_frequency13             ; 0 MHz                  ; String                                          ;
; phase_shift13                        ; 0 ps                   ; String                                          ;
; duty_cycle13                         ; 50                     ; Signed Integer                                  ;
; output_clock_frequency14             ; 0 MHz                  ; String                                          ;
; phase_shift14                        ; 0 ps                   ; String                                          ;
; duty_cycle14                         ; 50                     ; Signed Integer                                  ;
; output_clock_frequency15             ; 0 MHz                  ; String                                          ;
; phase_shift15                        ; 0 ps                   ; String                                          ;
; duty_cycle15                         ; 50                     ; Signed Integer                                  ;
; output_clock_frequency16             ; 0 MHz                  ; String                                          ;
; phase_shift16                        ; 0 ps                   ; String                                          ;
; duty_cycle16                         ; 50                     ; Signed Integer                                  ;
; output_clock_frequency17             ; 0 MHz                  ; String                                          ;
; phase_shift17                        ; 0 ps                   ; String                                          ;
; duty_cycle17                         ; 50                     ; Signed Integer                                  ;
; clock_name_0                         ;                        ; String                                          ;
; clock_name_1                         ;                        ; String                                          ;
; clock_name_2                         ;                        ; String                                          ;
; clock_name_3                         ;                        ; String                                          ;
; clock_name_4                         ;                        ; String                                          ;
; clock_name_5                         ;                        ; String                                          ;
; clock_name_6                         ;                        ; String                                          ;
; clock_name_7                         ;                        ; String                                          ;
; clock_name_8                         ;                        ; String                                          ;
; clock_name_global_0                  ; false                  ; String                                          ;
; clock_name_global_1                  ; false                  ; String                                          ;
; clock_name_global_2                  ; false                  ; String                                          ;
; clock_name_global_3                  ; false                  ; String                                          ;
; clock_name_global_4                  ; false                  ; String                                          ;
; clock_name_global_5                  ; false                  ; String                                          ;
; clock_name_global_6                  ; false                  ; String                                          ;
; clock_name_global_7                  ; false                  ; String                                          ;
; clock_name_global_8                  ; false                  ; String                                          ;
; m_cnt_hi_div                         ; 1                      ; Signed Integer                                  ;
; m_cnt_lo_div                         ; 1                      ; Signed Integer                                  ;
; m_cnt_bypass_en                      ; false                  ; String                                          ;
; m_cnt_odd_div_duty_en                ; false                  ; String                                          ;
; n_cnt_hi_div                         ; 1                      ; Signed Integer                                  ;
; n_cnt_lo_div                         ; 1                      ; Signed Integer                                  ;
; n_cnt_bypass_en                      ; false                  ; String                                          ;
; n_cnt_odd_div_duty_en                ; false                  ; String                                          ;
; c_cnt_hi_div0                        ; 1                      ; Signed Integer                                  ;
; c_cnt_lo_div0                        ; 1                      ; Signed Integer                                  ;
; c_cnt_bypass_en0                     ; false                  ; String                                          ;
; c_cnt_in_src0                        ; ph_mux_clk             ; String                                          ;
; c_cnt_odd_div_duty_en0               ; false                  ; String                                          ;
; c_cnt_prst0                          ; 1                      ; Signed Integer                                  ;
; c_cnt_ph_mux_prst0                   ; 0                      ; Signed Integer                                  ;
; c_cnt_hi_div1                        ; 1                      ; Signed Integer                                  ;
; c_cnt_lo_div1                        ; 1                      ; Signed Integer                                  ;
; c_cnt_bypass_en1                     ; false                  ; String                                          ;
; c_cnt_in_src1                        ; ph_mux_clk             ; String                                          ;
; c_cnt_odd_div_duty_en1               ; false                  ; String                                          ;
; c_cnt_prst1                          ; 1                      ; Signed Integer                                  ;
; c_cnt_ph_mux_prst1                   ; 0                      ; Signed Integer                                  ;
; c_cnt_hi_div2                        ; 1                      ; Signed Integer                                  ;
; c_cnt_lo_div2                        ; 1                      ; Signed Integer                                  ;
; c_cnt_bypass_en2                     ; false                  ; String                                          ;
; c_cnt_in_src2                        ; ph_mux_clk             ; String                                          ;
; c_cnt_odd_div_duty_en2               ; false                  ; String                                          ;
; c_cnt_prst2                          ; 1                      ; Signed Integer                                  ;
; c_cnt_ph_mux_prst2                   ; 0                      ; Signed Integer                                  ;
; c_cnt_hi_div3                        ; 1                      ; Signed Integer                                  ;
; c_cnt_lo_div3                        ; 1                      ; Signed Integer                                  ;
; c_cnt_bypass_en3                     ; false                  ; String                                          ;
; c_cnt_in_src3                        ; ph_mux_clk             ; String                                          ;
; c_cnt_odd_div_duty_en3               ; false                  ; String                                          ;
; c_cnt_prst3                          ; 1                      ; Signed Integer                                  ;
; c_cnt_ph_mux_prst3                   ; 0                      ; Signed Integer                                  ;
; c_cnt_hi_div4                        ; 1                      ; Signed Integer                                  ;
; c_cnt_lo_div4                        ; 1                      ; Signed Integer                                  ;
; c_cnt_bypass_en4                     ; false                  ; String                                          ;
; c_cnt_in_src4                        ; ph_mux_clk             ; String                                          ;
; c_cnt_odd_div_duty_en4               ; false                  ; String                                          ;
; c_cnt_prst4                          ; 1                      ; Signed Integer                                  ;
; c_cnt_ph_mux_prst4                   ; 0                      ; Signed Integer                                  ;
; c_cnt_hi_div5                        ; 1                      ; Signed Integer                                  ;
; c_cnt_lo_div5                        ; 1                      ; Signed Integer                                  ;
; c_cnt_bypass_en5                     ; false                  ; String                                          ;
; c_cnt_in_src5                        ; ph_mux_clk             ; String                                          ;
; c_cnt_odd_div_duty_en5               ; false                  ; String                                          ;
; c_cnt_prst5                          ; 1                      ; Signed Integer                                  ;
; c_cnt_ph_mux_prst5                   ; 0                      ; Signed Integer                                  ;
; c_cnt_hi_div6                        ; 1                      ; Signed Integer                                  ;
; c_cnt_lo_div6                        ; 1                      ; Signed Integer                                  ;
; c_cnt_bypass_en6                     ; false                  ; String                                          ;
; c_cnt_in_src6                        ; ph_mux_clk             ; String                                          ;
; c_cnt_odd_div_duty_en6               ; false                  ; String                                          ;
; c_cnt_prst6                          ; 1                      ; Signed Integer                                  ;
; c_cnt_ph_mux_prst6                   ; 0                      ; Signed Integer                                  ;
; c_cnt_hi_div7                        ; 1                      ; Signed Integer                                  ;
; c_cnt_lo_div7                        ; 1                      ; Signed Integer                                  ;
; c_cnt_bypass_en7                     ; false                  ; String                                          ;
; c_cnt_in_src7                        ; ph_mux_clk             ; String                                          ;
; c_cnt_odd_div_duty_en7               ; false                  ; String                                          ;
; c_cnt_prst7                          ; 1                      ; Signed Integer                                  ;
; c_cnt_ph_mux_prst7                   ; 0                      ; Signed Integer                                  ;
; c_cnt_hi_div8                        ; 1                      ; Signed Integer                                  ;
; c_cnt_lo_div8                        ; 1                      ; Signed Integer                                  ;
; c_cnt_bypass_en8                     ; false                  ; String                                          ;
; c_cnt_in_src8                        ; ph_mux_clk             ; String                                          ;
; c_cnt_odd_div_duty_en8               ; false                  ; String                                          ;
; c_cnt_prst8                          ; 1                      ; Signed Integer                                  ;
; c_cnt_ph_mux_prst8                   ; 0                      ; Signed Integer                                  ;
; c_cnt_hi_div9                        ; 1                      ; Signed Integer                                  ;
; c_cnt_lo_div9                        ; 1                      ; Signed Integer                                  ;
; c_cnt_bypass_en9                     ; false                  ; String                                          ;
; c_cnt_in_src9                        ; ph_mux_clk             ; String                                          ;
; c_cnt_odd_div_duty_en9               ; false                  ; String                                          ;
; c_cnt_prst9                          ; 1                      ; Signed Integer                                  ;
; c_cnt_ph_mux_prst9                   ; 0                      ; Signed Integer                                  ;
; c_cnt_hi_div10                       ; 1                      ; Signed Integer                                  ;
; c_cnt_lo_div10                       ; 1                      ; Signed Integer                                  ;
; c_cnt_bypass_en10                    ; false                  ; String                                          ;
; c_cnt_in_src10                       ; ph_mux_clk             ; String                                          ;
; c_cnt_odd_div_duty_en10              ; false                  ; String                                          ;
; c_cnt_prst10                         ; 1                      ; Signed Integer                                  ;
; c_cnt_ph_mux_prst10                  ; 0                      ; Signed Integer                                  ;
; c_cnt_hi_div11                       ; 1                      ; Signed Integer                                  ;
; c_cnt_lo_div11                       ; 1                      ; Signed Integer                                  ;
; c_cnt_bypass_en11                    ; false                  ; String                                          ;
; c_cnt_in_src11                       ; ph_mux_clk             ; String                                          ;
; c_cnt_odd_div_duty_en11              ; false                  ; String                                          ;
; c_cnt_prst11                         ; 1                      ; Signed Integer                                  ;
; c_cnt_ph_mux_prst11                  ; 0                      ; Signed Integer                                  ;
; c_cnt_hi_div12                       ; 1                      ; Signed Integer                                  ;
; c_cnt_lo_div12                       ; 1                      ; Signed Integer                                  ;
; c_cnt_bypass_en12                    ; false                  ; String                                          ;
; c_cnt_in_src12                       ; ph_mux_clk             ; String                                          ;
; c_cnt_odd_div_duty_en12              ; false                  ; String                                          ;
; c_cnt_prst12                         ; 1                      ; Signed Integer                                  ;
; c_cnt_ph_mux_prst12                  ; 0                      ; Signed Integer                                  ;
; c_cnt_hi_div13                       ; 1                      ; Signed Integer                                  ;
; c_cnt_lo_div13                       ; 1                      ; Signed Integer                                  ;
; c_cnt_bypass_en13                    ; false                  ; String                                          ;
; c_cnt_in_src13                       ; ph_mux_clk             ; String                                          ;
; c_cnt_odd_div_duty_en13              ; false                  ; String                                          ;
; c_cnt_prst13                         ; 1                      ; Signed Integer                                  ;
; c_cnt_ph_mux_prst13                  ; 0                      ; Signed Integer                                  ;
; c_cnt_hi_div14                       ; 1                      ; Signed Integer                                  ;
; c_cnt_lo_div14                       ; 1                      ; Signed Integer                                  ;
; c_cnt_bypass_en14                    ; false                  ; String                                          ;
; c_cnt_in_src14                       ; ph_mux_clk             ; String                                          ;
; c_cnt_odd_div_duty_en14              ; false                  ; String                                          ;
; c_cnt_prst14                         ; 1                      ; Signed Integer                                  ;
; c_cnt_ph_mux_prst14                  ; 0                      ; Signed Integer                                  ;
; c_cnt_hi_div15                       ; 1                      ; Signed Integer                                  ;
; c_cnt_lo_div15                       ; 1                      ; Signed Integer                                  ;
; c_cnt_bypass_en15                    ; false                  ; String                                          ;
; c_cnt_in_src15                       ; ph_mux_clk             ; String                                          ;
; c_cnt_odd_div_duty_en15              ; false                  ; String                                          ;
; c_cnt_prst15                         ; 1                      ; Signed Integer                                  ;
; c_cnt_ph_mux_prst15                  ; 0                      ; Signed Integer                                  ;
; c_cnt_hi_div16                       ; 1                      ; Signed Integer                                  ;
; c_cnt_lo_div16                       ; 1                      ; Signed Integer                                  ;
; c_cnt_bypass_en16                    ; false                  ; String                                          ;
; c_cnt_in_src16                       ; ph_mux_clk             ; String                                          ;
; c_cnt_odd_div_duty_en16              ; false                  ; String                                          ;
; c_cnt_prst16                         ; 1                      ; Signed Integer                                  ;
; c_cnt_ph_mux_prst16                  ; 0                      ; Signed Integer                                  ;
; c_cnt_hi_div17                       ; 1                      ; Signed Integer                                  ;
; c_cnt_lo_div17                       ; 1                      ; Signed Integer                                  ;
; c_cnt_bypass_en17                    ; false                  ; String                                          ;
; c_cnt_in_src17                       ; ph_mux_clk             ; String                                          ;
; c_cnt_odd_div_duty_en17              ; false                  ; String                                          ;
; c_cnt_prst17                         ; 1                      ; Signed Integer                                  ;
; c_cnt_ph_mux_prst17                  ; 0                      ; Signed Integer                                  ;
; pll_vco_div                          ; 1                      ; Signed Integer                                  ;
; pll_slf_rst                          ; false                  ; String                                          ;
; pll_bw_sel                           ; low                    ; String                                          ;
; pll_output_clk_frequency             ; 0 MHz                  ; String                                          ;
; pll_cp_current                       ; 0                      ; Signed Integer                                  ;
; pll_bwctrl                           ; 0                      ; Signed Integer                                  ;
; pll_fractional_division              ; 1                      ; Signed Integer                                  ;
; pll_fractional_cout                  ; 24                     ; Signed Integer                                  ;
; pll_dsm_out_sel                      ; 1st_order              ; String                                          ;
; mimic_fbclk_type                     ; gclk                   ; String                                          ;
; pll_fbclk_mux_1                      ; glb                    ; String                                          ;
; pll_fbclk_mux_2                      ; fb_1                   ; String                                          ;
; pll_m_cnt_in_src                     ; ph_mux_clk             ; String                                          ;
; pll_vcoph_div                        ; 1                      ; Signed Integer                                  ;
; refclk1_frequency                    ; 0 MHz                  ; String                                          ;
; pll_clkin_0_src                      ; clk_0                  ; String                                          ;
; pll_clkin_1_src                      ; clk_0                  ; String                                          ;
; pll_clk_loss_sw_en                   ; false                  ; String                                          ;
; pll_auto_clk_sw_en                   ; false                  ; String                                          ;
; pll_manu_clk_sw_en                   ; false                  ; String                                          ;
; pll_clk_sw_dly                       ; 0                      ; Signed Integer                                  ;
; pll_extclk_0_cnt_src                 ; pll_extclk_cnt_src_vss ; String                                          ;
; pll_extclk_1_cnt_src                 ; pll_extclk_cnt_src_vss ; String                                          ;
+--------------------------------------+------------------------+-------------------------------------------------+
Note: In order to hide this table in the UI and the text report file, please set the "Show Parameter Settings in Synthesis Report" option in "Analysis and Synthesis Settings -> More Settings" to "Off".


+----------------------------------------------------------------------------------------------+
; Parameter Settings for Inferred Entity Instance: framebuffer_ram:fb_ram|altsyncram:ram_rtl_0 ;
+------------------------------------+----------------------+----------------------------------+
; Parameter Name                     ; Value                ; Type                             ;
+------------------------------------+----------------------+----------------------------------+
; BYTE_SIZE_BLOCK                    ; 8                    ; Untyped                          ;
; AUTO_CARRY_CHAINS                  ; ON                   ; AUTO_CARRY                       ;
; IGNORE_CARRY_BUFFERS               ; OFF                  ; IGNORE_CARRY                     ;
; AUTO_CASCADE_CHAINS                ; ON                   ; AUTO_CASCADE                     ;
; IGNORE_CASCADE_BUFFERS             ; OFF                  ; IGNORE_CASCADE                   ;
; WIDTH_BYTEENA                      ; 1                    ; Untyped                          ;
; OPERATION_MODE                     ; DUAL_PORT            ; Untyped                          ;
; WIDTH_A                            ; 3                    ; Untyped                          ;
; WIDTHAD_A                          ; 15                   ; Untyped                          ;
; NUMWORDS_A                         ; 19200                ; Untyped                          ;
; OUTDATA_REG_A                      ; UNREGISTERED         ; Untyped                          ;
; ADDRESS_ACLR_A                     ; NONE                 ; Untyped                          ;
; OUTDATA_ACLR_A                     ; NONE                 ; Untyped                          ;
; WRCONTROL_ACLR_A                   ; NONE                 ; Untyped                          ;
; INDATA_ACLR_A                      ; NONE                 ; Untyped                          ;
; BYTEENA_ACLR_A                     ; NONE                 ; Untyped                          ;
; WIDTH_B                            ; 3                    ; Untyped                          ;
; WIDTHAD_B                          ; 15                   ; Untyped                          ;
; NUMWORDS_B                         ; 19200                ; Untyped                          ;
; INDATA_REG_B                       ; CLOCK1               ; Untyped                          ;
; WRCONTROL_WRADDRESS_REG_B          ; CLOCK1               ; Untyped                          ;
; RDCONTROL_REG_B                    ; CLOCK1               ; Untyped                          ;
; ADDRESS_REG_B                      ; CLOCK0               ; Untyped                          ;
; OUTDATA_REG_B                      ; UNREGISTERED         ; Untyped                          ;
; BYTEENA_REG_B                      ; CLOCK1               ; Untyped                          ;
; INDATA_ACLR_B                      ; NONE                 ; Untyped                          ;
; WRCONTROL_ACLR_B                   ; NONE                 ; Untyped                          ;
; ADDRESS_ACLR_B                     ; NONE                 ; Untyped                          ;
; OUTDATA_ACLR_B                     ; NONE                 ; Untyped                          ;
; RDCONTROL_ACLR_B                   ; NONE                 ; Untyped                          ;
; BYTEENA_ACLR_B                     ; NONE                 ; Untyped                          ;
; WIDTH_BYTEENA_A                    ; 1                    ; Untyped                          ;
; WIDTH_BYTEENA_B                    ; 1                    ; Untyped                          ;
; RAM_BLOCK_TYPE                     ; AUTO                 ; Untyped                          ;
; BYTE_SIZE                          ; 8                    ; Untyped                          ;
; READ_DURING_WRITE_MODE_MIXED_PORTS ; OLD_DATA             ; Untyped                          ;
; READ_DURING_WRITE_MODE_PORT_A      ; NEW_DATA_NO_NBE_READ ; Untyped                          ;
; READ_DURING_WRITE_MODE_PORT_B      ; NEW_DATA_NO_NBE_READ ; Untyped                          ;
; INIT_FILE                          ; UNUSED               ; Untyped                          ;
; INIT_FILE_LAYOUT                   ; PORT_A               ; Untyped                          ;
; MAXIMUM_DEPTH                      ; 0                    ; Untyped                          ;
; CLOCK_ENABLE_INPUT_A               ; NORMAL               ; Untyped                          ;
; CLOCK_ENABLE_INPUT_B               ; NORMAL               ; Untyped                          ;
; CLOCK_ENABLE_OUTPUT_A              ; NORMAL               ; Untyped                          ;
; CLOCK_ENABLE_OUTPUT_B              ; NORMAL               ; Untyped                          ;
; CLOCK_ENABLE_CORE_A                ; USE_INPUT_CLKEN      ; Untyped                          ;
; CLOCK_ENABLE_CORE_B                ; USE_INPUT_CLKEN      ; Untyped                          ;
; ENABLE_ECC                         ; FALSE                ; Untyped                          ;
; ECC_PIPELINE_STAGE_ENABLED         ; FALSE                ; Untyped                          ;
; WIDTH_ECCSTATUS                    ; 3                    ; Untyped                          ;
; DEVICE_FAMILY                      ; Cyclone V            ; Untyped                          ;
; CBXI_PARAMETER                     ; altsyncram_acn1      ; Untyped                          ;
+------------------------------------+----------------------+----------------------------------+
Note: In order to hide this table in the UI and the text report file, please set the "Show Parameter Settings in Synthesis Report" option in "Analysis and Synthesis Settings -> More Settings" to "Off".


+-----------------------------------------------------------------------------------------+
; altsyncram Parameter Settings by Entity Instance                                        ;
+-------------------------------------------+---------------------------------------------+
; Name                                      ; Value                                       ;
+-------------------------------------------+---------------------------------------------+
; Number of entity instances                ; 1                                           ;
; Entity Instance                           ; framebuffer_ram:fb_ram|altsyncram:ram_rtl_0 ;
;     -- OPERATION_MODE                     ; DUAL_PORT                                   ;
;     -- WIDTH_A                            ; 3                                           ;
;     -- NUMWORDS_A                         ; 19200                                       ;
;     -- OUTDATA_REG_A                      ; UNREGISTERED                                ;
;     -- WIDTH_B                            ; 3                                           ;
;     -- NUMWORDS_B                         ; 19200                                       ;
;     -- ADDRESS_REG_B                      ; CLOCK0                                      ;
;     -- OUTDATA_REG_B                      ; UNREGISTERED                                ;
;     -- RAM_BLOCK_TYPE                     ; AUTO                                        ;
;     -- READ_DURING_WRITE_MODE_MIXED_PORTS ; OLD_DATA                                    ;
+-------------------------------------------+---------------------------------------------+


+-------------------------------------------------------------------------------------------------------------------------+
; Port Connectivity Checks: "vga_sync_generator:sync_gen"                                                                 ;
+---------------+--------+----------+-------------------------------------------------------------------------------------+
; Port          ; Type   ; Severity ; Details                                                                             ;
+---------------+--------+----------+-------------------------------------------------------------------------------------+
; pixel_x[1..0] ; Output ; Info     ; Connected to dangling logic. Logic that only feeds a dangling port will be removed. ;
; pixel_y[1..0] ; Output ; Info     ; Connected to dangling logic. Logic that only feeds a dangling port will be removed. ;
; pixel_y[9]    ; Output ; Info     ; Connected to dangling logic. Logic that only feeds a dangling port will be removed. ;
+---------------+--------+----------+-------------------------------------------------------------------------------------+


+-----------------------------------------------------+
; Post-Synthesis Netlist Statistics for Top Partition ;
+-----------------------+-----------------------------+
; Type                  ; Count                       ;
+-----------------------+-----------------------------+
; arriav_ff             ; 186                         ;
;     CLR               ; 15                          ;
;     CLR SCLR          ; 34                          ;
;     CLR SLD           ; 1                           ;
;     ENA               ; 39                          ;
;     ENA CLR           ; 40                          ;
;     ENA CLR SCLR      ; 10                          ;
;     ENA SCLR          ; 34                          ;
;     ENA SLD           ; 7                           ;
;     SCLR              ; 1                           ;
;     plain             ; 5                           ;
; arriav_lcell_comb     ; 439                         ;
;     arith             ; 181                         ;
;         0 data inputs ; 2                           ;
;         1 data inputs ; 121                         ;
;         2 data inputs ; 44                          ;
;         3 data inputs ; 5                           ;
;         4 data inputs ; 7                           ;
;         5 data inputs ; 2                           ;
;     extend            ; 3                           ;
;         7 data inputs ; 3                           ;
;     normal            ; 200                         ;
;         0 data inputs ; 2                           ;
;         1 data inputs ; 15                          ;
;         2 data inputs ; 32                          ;
;         3 data inputs ; 21                          ;
;         4 data inputs ; 39                          ;
;         5 data inputs ; 53                          ;
;         6 data inputs ; 38                          ;
;     shared            ; 55                          ;
;         0 data inputs ; 2                           ;
;         1 data inputs ; 2                           ;
;         2 data inputs ; 36                          ;
;         3 data inputs ; 15                          ;
; boundary_port         ; 96                          ;
; generic_pll           ; 1                           ;
; stratixv_ram_block    ; 9                           ;
;                       ;                             ;
; Max LUT depth         ; 6.90                        ;
; Average LUT depth     ; 3.51                        ;
+-----------------------+-----------------------------+


+-------------------------------+
; Elapsed Time Per Partition    ;
+----------------+--------------+
; Partition Name ; Elapsed Time ;
+----------------+--------------+
; Top            ; 00:00:01     ;
+----------------+--------------+


+-------------------------------+
; Analysis & Synthesis Messages ;
+-------------------------------+
Info: *******************************************************************
Info: Running Quartus Prime Analysis & Synthesis
    Info: Version 25.1std.0 Build 1129 10/21/2025 SC Lite Edition
    Info: Processing started: Fri Apr 17 19:09:12 2026
Info: Command: quartus_map --read_settings_files=on --write_settings_files=off nes -c nes
Warning (18236): Number of processors has not been specified which may cause overloading on shared machines.  Set the global assignment NUM_PARALLEL_PROCESSORS in your QSF to an appropriate value for best performance.
Info (20030): Parallel compilation is enabled and will use 4 of the 4 processors detected
Info (12021): Found 1 design units, including 1 entities, in source file video_subsystem/challenge_generator.v
    Info (12023): Found entity 1: challenge_generator File: /home/someone/hassaan/nes/video_subsystem/challenge_generator.v Line: 1
Info (12021): Found 2 design units, including 2 entities, in source file video_subsystem/assignment_top.v
    Info (12023): Found entity 1: assignment_top File: /home/someone/hassaan/nes/video_subsystem/assignment_top.v Line: 1
    Info (12023): Found entity 2: framebuffer_ram File: /home/someone/hassaan/nes/video_subsystem/assignment_top.v Line: 178
Info (12021): Found 0 design units, including 0 entities, in source file video_subsystem/memory/vram.v
Info (12021): Found 0 design units, including 0 entities, in source file video_subsystem/memory/pallete_ram.v
Info (12021): Found 0 design units, including 0 entities, in source file video_subsystem/ppu/ppu_sprite_eval.v
Info (12021): Found 5 design units, including 5 entities, in source file video_subsystem/ppu/ppu_core.v
    Info (12023): Found entity 1: ppu_core File: /home/someone/hassaan/nes/video_subsystem/ppu/ppu_core.v Line: 9
    Info (12023): Found entity 2: ppu_registers File: /home/someone/hassaan/nes/video_subsystem/ppu/ppu_core.v Line: 92
    Info (12023): Found entity 3: vram_2k File: /home/someone/hassaan/nes/video_subsystem/ppu/ppu_core.v Line: 184
    Info (12023): Found entity 4: palette_ram File: /home/someone/hassaan/nes/video_subsystem/ppu/ppu_core.v Line: 199
    Info (12023): Found entity 5: oam_ram File: /home/someone/hassaan/nes/video_subsystem/ppu/ppu_core.v Line: 214
Info (12021): Found 1 design units, including 1 entities, in source file video_subsystem/ppu/ppu_bg_render.v
    Info (12023): Found entity 1: ppu_bg_render File: /home/someone/hassaan/nes/video_subsystem/ppu/ppu_bg_render.v Line: 6
Info (12021): Found 0 design units, including 0 entities, in source file video_subsystem/vga/nes_vga_core.v
Info (12021): Found 1 design units, including 1 entities, in source file video_subsystem/vga/nes_pallete_lut.v
    Info (12023): Found entity 1: nes_palette_lut File: /home/someone/hassaan/nes/video_subsystem/vga/nes_pallete_lut.v Line: 9
Info (12021): Found 1 design units, including 1 entities, in source file MOS_6502_CPU_tb.v
    Info (12023): Found entity 1: MOS_6502_CPU_tb File: /home/someone/hassaan/nes/MOS_6502_CPU_tb.v Line: 2
Info (12021): Found 1 design units, including 1 entities, in source file ram.v
    Info (12023): Found entity 1: ram File: /home/someone/hassaan/nes/ram.v Line: 1
Info (12021): Found 1 design units, including 1 entities, in source file cpu_decoder.v
    Info (12023): Found entity 1: cpu_decoder File: /home/someone/hassaan/nes/cpu_decoder.v Line: 1
Info (12021): Found 1 design units, including 1 entities, in source file MOS_6502_CPU.v
    Info (12023): Found entity 1: MOS_6502_CPU File: /home/someone/hassaan/nes/MOS_6502_CPU.v Line: 1
Info (12021): Found 1 design units, including 1 entities, in source file cpu_fsm.v
    Info (12023): Found entity 1: cpu_fsm File: /home/someone/hassaan/nes/cpu_fsm.v Line: 1
Info (12021): Found 1 design units, including 1 entities, in source file nes_clock_generator.v
    Info (12023): Found entity 1: nes_clock_generator File: /home/someone/hassaan/nes/nes_clock_generator.v Line: 8
Info (12021): Found 1 design units, including 1 entities, in source file video_subsystem/bresenham_fsm.v
    Info (12023): Found entity 1: bresenham_fsm File: /home/someone/hassaan/nes/video_subsystem/bresenham_fsm.v Line: 1
Info (12021): Found 1 design units, including 1 entities, in source file video_subsystem/vga/vga_sync_generator.v
    Info (12023): Found entity 1: vga_sync_generator File: /home/someone/hassaan/nes/video_subsystem/vga/vga_sync_generator.v Line: 6
Info (12021): Found 1 design units, including 1 entities, in source file vga_pll.v
    Info (12023): Found entity 1: vga_pll File: /home/someone/hassaan/nes/vga_pll.v Line: 8
Info (12021): Found 1 design units, including 1 entities, in source file vga_pll/vga_pll_0002.v
    Info (12023): Found entity 1: vga_pll_0002 File: /home/someone/hassaan/nes/vga_pll/vga_pll_0002.v Line: 2
Info (12021): Found 1 design units, including 1 entities, in source file output_files/hex_decoder.v
    Info (12023): Found entity 1: hex_decoder File: /home/someone/hassaan/nes/output_files/hex_decoder.v Line: 7
Info (12127): Elaborating entity "assignment_top" for the top level hierarchy
Warning (10230): Verilog HDL assignment warning at assignment_top.v(141): truncated value with size 8 to match size of target (7) File: /home/someone/hassaan/nes/video_subsystem/assignment_top.v Line: 141
Warning (10230): Verilog HDL assignment warning at assignment_top.v(143): truncated value with size 32 to match size of target (15) File: /home/someone/hassaan/nes/video_subsystem/assignment_top.v Line: 143
Info (12128): Elaborating entity "vga_pll" for hierarchy "vga_pll:pll_inst" File: /home/someone/hassaan/nes/video_subsystem/assignment_top.v Line: 42
Info (12128): Elaborating entity "vga_pll_0002" for hierarchy "vga_pll:pll_inst|vga_pll_0002:vga_pll_inst" File: /home/someone/hassaan/nes/vga_pll.v Line: 20
Info (12128): Elaborating entity "altera_pll" for hierarchy "vga_pll:pll_inst|vga_pll_0002:vga_pll_inst|altera_pll:altera_pll_i" File: /home/someone/hassaan/nes/vga_pll/vga_pll_0002.v Line: 85
Info (10008): Verilog HDL or VHDL information: EDA Netlist Writer cannot regroup multidimensional array "wire_to_nowhere_64" into its bus
Info (12130): Elaborated megafunction instantiation "vga_pll:pll_inst|vga_pll_0002:vga_pll_inst|altera_pll:altera_pll_i" File: /home/someone/hassaan/nes/vga_pll/vga_pll_0002.v Line: 85
Info (12133): Instantiated megafunction "vga_pll:pll_inst|vga_pll_0002:vga_pll_inst|altera_pll:altera_pll_i" with the following parameter: File: /home/someone/hassaan/nes/vga_pll/vga_pll_0002.v Line: 85
    Info (12134): Parameter "fractional_vco_multiplier" = "false"
    Info (12134): Parameter "reference_clock_frequency" = "50.0 MHz"
    Info (12134): Parameter "operation_mode" = "direct"
    Info (12134): Parameter "number_of_clocks" = "1"
    Info (12134): Parameter "output_clock_frequency0" = "25.175644 MHz"
    Info (12134): Parameter "phase_shift0" = "0 ps"
    Info (12134): Parameter "duty_cycle0" = "50"
    Info (12134): Parameter "output_clock_frequency1" = "0 MHz"
    Info (12134): Parameter "phase_shift1" = "0 ps"
    Info (12134): Parameter "duty_cycle1" = "50"
    Info (12134): Parameter "output_clock_frequency2" = "0 MHz"
    Info (12134): Parameter "phase_shift2" = "0 ps"
    Info (12134): Parameter "duty_cycle2" = "50"
    Info (12134): Parameter "output_clock_frequency3" = "0 MHz"
    Info (12134): Parameter "phase_shift3" = "0 ps"
    Info (12134): Parameter "duty_cycle3" = "50"
    Info (12134): Parameter "output_clock_frequency4" = "0 MHz"
    Info (12134): Parameter "phase_shift4" = "0 ps"
    Info (12134): Parameter "duty_cycle4" = "50"
    Info (12134): Parameter "output_clock_frequency5" = "0 MHz"
    Info (12134): Parameter "phase_shift5" = "0 ps"
    Info (12134): Parameter "duty_cycle5" = "50"
    Info (12134): Parameter "output_clock_frequency6" = "0 MHz"
    Info (12134): Parameter "phase_shift6" = "0 ps"
    Info (12134): Parameter "duty_cycle6" = "50"
    Info (12134): Parameter "output_clock_frequency7" = "0 MHz"
    Info (12134): Parameter "phase_shift7" = "0 ps"
    Info (12134): Parameter "duty_cycle7" = "50"
    Info (12134): Parameter "output_clock_frequency8" = "0 MHz"
    Info (12134): Parameter "phase_shift8" = "0 ps"
    Info (12134): Parameter "duty_cycle8" = "50"
    Info (12134): Parameter "output_clock_frequency9" = "0 MHz"
    Info (12134): Parameter "phase_shift9" = "0 ps"
    Info (12134): Parameter "duty_cycle9" = "50"
    Info (12134): Parameter "output_clock_frequency10" = "0 MHz"
    Info (12134): Parameter "phase_shift10" = "0 ps"
    Info (12134): Parameter "duty_cycle10" = "50"
    Info (12134): Parameter "output_clock_frequency11" = "0 MHz"
    Info (12134): Parameter "phase_shift11" = "0 ps"
    Info (12134): Parameter "duty_cycle11" = "50"
    Info (12134): Parameter "output_clock_frequency12" = "0 MHz"
    Info (12134): Parameter "phase_shift12" = "0 ps"
    Info (12134): Parameter "duty_cycle12" = "50"
    Info (12134): Parameter "output_clock_frequency13" = "0 MHz"
    Info (12134): Parameter "phase_shift13" = "0 ps"
    Info (12134): Parameter "duty_cycle13" = "50"
    Info (12134): Parameter "output_clock_frequency14" = "0 MHz"
    Info (12134): Parameter "phase_shift14" = "0 ps"
    Info (12134): Parameter "duty_cycle14" = "50"
    Info (12134): Parameter "output_clock_frequency15" = "0 MHz"
    Info (12134): Parameter "phase_shift15" = "0 ps"
    Info (12134): Parameter "duty_cycle15" = "50"
    Info (12134): Parameter "output_clock_frequency16" = "0 MHz"
    Info (12134): Parameter "phase_shift16" = "0 ps"
    Info (12134): Parameter "duty_cycle16" = "50"
    Info (12134): Parameter "output_clock_frequency17" = "0 MHz"
    Info (12134): Parameter "phase_shift17" = "0 ps"
    Info (12134): Parameter "duty_cycle17" = "50"
    Info (12134): Parameter "pll_type" = "General"
    Info (12134): Parameter "pll_subtype" = "General"
Info (12128): Elaborating entity "challenge_generator" for hierarchy "challenge_generator:gen_inst" File: /home/someone/hassaan/nes/video_subsystem/assignment_top.v Line: 77
Info (12128): Elaborating entity "bresenham_fsm" for hierarchy "bresenham_fsm:fsm_inst" File: /home/someone/hassaan/nes/video_subsystem/assignment_top.v Line: 106
Warning (10230): Verilog HDL assignment warning at bresenham_fsm.v(123): truncated value with size 8 to match size of target (7) File: /home/someone/hassaan/nes/video_subsystem/bresenham_fsm.v Line: 123
Warning (10230): Verilog HDL assignment warning at bresenham_fsm.v(124): truncated value with size 8 to match size of target (7) File: /home/someone/hassaan/nes/video_subsystem/bresenham_fsm.v Line: 124
Warning (10230): Verilog HDL assignment warning at bresenham_fsm.v(125): truncated value with size 8 to match size of target (7) File: /home/someone/hassaan/nes/video_subsystem/bresenham_fsm.v Line: 125
Warning (10230): Verilog HDL assignment warning at bresenham_fsm.v(126): truncated value with size 8 to match size of target (7) File: /home/someone/hassaan/nes/video_subsystem/bresenham_fsm.v Line: 126
Warning (10230): Verilog HDL assignment warning at bresenham_fsm.v(127): truncated value with size 8 to match size of target (7) File: /home/someone/hassaan/nes/video_subsystem/bresenham_fsm.v Line: 127
Warning (10230): Verilog HDL assignment warning at bresenham_fsm.v(128): truncated value with size 8 to match size of target (7) File: /home/someone/hassaan/nes/video_subsystem/bresenham_fsm.v Line: 128
Warning (10230): Verilog HDL assignment warning at bresenham_fsm.v(129): truncated value with size 8 to match size of target (7) File: /home/someone/hassaan/nes/video_subsystem/bresenham_fsm.v Line: 129
Warning (10230): Verilog HDL assignment warning at bresenham_fsm.v(130): truncated value with size 8 to match size of target (7) File: /home/someone/hassaan/nes/video_subsystem/bresenham_fsm.v Line: 130
Warning (10230): Verilog HDL assignment warning at bresenham_fsm.v(135): truncated value with size 32 to match size of target (15) File: /home/someone/hassaan/nes/video_subsystem/bresenham_fsm.v Line: 135
Warning (10230): Verilog HDL assignment warning at bresenham_fsm.v(159): truncated value with size 32 to match size of target (16) File: /home/someone/hassaan/nes/video_subsystem/bresenham_fsm.v Line: 159
Warning (10230): Verilog HDL assignment warning at bresenham_fsm.v(162): truncated value with size 32 to match size of target (16) File: /home/someone/hassaan/nes/video_subsystem/bresenham_fsm.v Line: 162
Warning (10230): Verilog HDL assignment warning at bresenham_fsm.v(170): truncated value with size 32 to match size of target (16) File: /home/someone/hassaan/nes/video_subsystem/bresenham_fsm.v Line: 170
Warning (10230): Verilog HDL assignment warning at bresenham_fsm.v(172): truncated value with size 32 to match size of target (16) File: /home/someone/hassaan/nes/video_subsystem/bresenham_fsm.v Line: 172
Warning (10230): Verilog HDL assignment warning at bresenham_fsm.v(173): truncated value with size 32 to match size of target (16) File: /home/someone/hassaan/nes/video_subsystem/bresenham_fsm.v Line: 173
Warning (10230): Verilog HDL assignment warning at bresenham_fsm.v(175): truncated value with size 32 to match size of target (16) File: /home/someone/hassaan/nes/video_subsystem/bresenham_fsm.v Line: 175
Info (12128): Elaborating entity "framebuffer_ram" for hierarchy "framebuffer_ram:fb_ram" File: /home/someone/hassaan/nes/video_subsystem/assignment_top.v Line: 121
Info (12128): Elaborating entity "vga_sync_generator" for hierarchy "vga_sync_generator:sync_gen" File: /home/someone/hassaan/nes/video_subsystem/assignment_top.v Line: 138
Info (12128): Elaborating entity "hex_decoder" for hierarchy "hex_decoder:hex0_inst" File: /home/someone/hassaan/nes/video_subsystem/assignment_top.v Line: 159
Info (19000): Inferred 1 megafunctions from design logic
    Info (276029): Inferred altsyncram megafunction from the following design logic: "framebuffer_ram:fb_ram|ram_rtl_0" 
        Info (286033): Parameter OPERATION_MODE set to DUAL_PORT
        Info (286033): Parameter WIDTH_A set to 3
        Info (286033): Parameter WIDTHAD_A set to 15
        Info (286033): Parameter NUMWORDS_A set to 19200
        Info (286033): Parameter WIDTH_B set to 3
        Info (286033): Parameter WIDTHAD_B set to 15
        Info (286033): Parameter NUMWORDS_B set to 19200
        Info (286033): Parameter ADDRESS_ACLR_A set to NONE
        Info (286033): Parameter OUTDATA_REG_B set to UNREGISTERED
        Info (286033): Parameter ADDRESS_ACLR_B set to NONE
        Info (286033): Parameter OUTDATA_ACLR_B set to NONE
        Info (286033): Parameter ADDRESS_REG_B set to CLOCK0
        Info (286033): Parameter INDATA_ACLR_A set to NONE
        Info (286033): Parameter WRCONTROL_ACLR_A set to NONE
        Info (286033): Parameter READ_DURING_WRITE_MODE_MIXED_PORTS set to OLD_DATA
Info (12130): Elaborated megafunction instantiation "framebuffer_ram:fb_ram|altsyncram:ram_rtl_0"
Info (12133): Instantiated megafunction "framebuffer_ram:fb_ram|altsyncram:ram_rtl_0" with the following parameter:
    Info (12134): Parameter "OPERATION_MODE" = "DUAL_PORT"
    Info (12134): Parameter "WIDTH_A" = "3"
    Info (12134): Parameter "WIDTHAD_A" = "15"
    Info (12134): Parameter "NUMWORDS_A" = "19200"
    Info (12134): Parameter "WIDTH_B" = "3"
    Info (12134): Parameter "WIDTHAD_B" = "15"
    Info (12134): Parameter "NUMWORDS_B" = "19200"
    Info (12134): Parameter "ADDRESS_ACLR_A" = "NONE"
    Info (12134): Parameter "OUTDATA_REG_B" = "UNREGISTERED"
    Info (12134): Parameter "ADDRESS_ACLR_B" = "NONE"
    Info (12134): Parameter "OUTDATA_ACLR_B" = "NONE"
    Info (12134): Parameter "ADDRESS_REG_B" = "CLOCK0"
    Info (12134): Parameter "INDATA_ACLR_A" = "NONE"
    Info (12134): Parameter "WRCONTROL_ACLR_A" = "NONE"
    Info (12134): Parameter "READ_DURING_WRITE_MODE_MIXED_PORTS" = "OLD_DATA"
Info (12021): Found 1 design units, including 1 entities, in source file db/altsyncram_acn1.tdf
    Info (12023): Found entity 1: altsyncram_acn1 File: /home/someone/hassaan/nes/db/altsyncram_acn1.tdf Line: 32
Info (12021): Found 1 design units, including 1 entities, in source file db/decode_7la.tdf
    Info (12023): Found entity 1: decode_7la File: /home/someone/hassaan/nes/db/decode_7la.tdf Line: 23
Info (12021): Found 1 design units, including 1 entities, in source file db/mux_ifb.tdf
    Info (12023): Found entity 1: mux_ifb File: /home/someone/hassaan/nes/db/mux_ifb.tdf Line: 23
Warning (13024): Output pins are stuck at VCC or GND
    Warning (13410): Pin "VGA_SYNC_N" is stuck at GND File: /home/someone/hassaan/nes/video_subsystem/assignment_top.v Line: 12
    Warning (13410): Pin "LEDR[5]" is stuck at GND File: /home/someone/hassaan/nes/video_subsystem/assignment_top.v Line: 15
    Warning (13410): Pin "LEDR[7]" is stuck at GND File: /home/someone/hassaan/nes/video_subsystem/assignment_top.v Line: 15
    Warning (13410): Pin "HEX1[0]" is stuck at VCC File: /home/someone/hassaan/nes/video_subsystem/assignment_top.v Line: 17
    Warning (13410): Pin "HEX1[1]" is stuck at VCC File: /home/someone/hassaan/nes/video_subsystem/assignment_top.v Line: 17
    Warning (13410): Pin "HEX1[2]" is stuck at VCC File: /home/someone/hassaan/nes/video_subsystem/assignment_top.v Line: 17
    Warning (13410): Pin "HEX1[3]" is stuck at VCC File: /home/someone/hassaan/nes/video_subsystem/assignment_top.v Line: 17
    Warning (13410): Pin "HEX1[4]" is stuck at VCC File: /home/someone/hassaan/nes/video_subsystem/assignment_top.v Line: 17
    Warning (13410): Pin "HEX1[5]" is stuck at VCC File: /home/someone/hassaan/nes/video_subsystem/assignment_top.v Line: 17
    Warning (13410): Pin "HEX1[6]" is stuck at VCC File: /home/someone/hassaan/nes/video_subsystem/assignment_top.v Line: 17
    Warning (13410): Pin "HEX2[0]" is stuck at VCC File: /home/someone/hassaan/nes/video_subsystem/assignment_top.v Line: 18
    Warning (13410): Pin "HEX2[1]" is stuck at VCC File: /home/someone/hassaan/nes/video_subsystem/assignment_top.v Line: 18
    Warning (13410): Pin "HEX2[2]" is stuck at VCC File: /home/someone/hassaan/nes/video_subsystem/assignment_top.v Line: 18
    Warning (13410): Pin "HEX2[3]" is stuck at VCC File: /home/someone/hassaan/nes/video_subsystem/assignment_top.v Line: 18
    Warning (13410): Pin "HEX2[4]" is stuck at VCC File: /home/someone/hassaan/nes/video_subsystem/assignment_top.v Line: 18
    Warning (13410): Pin "HEX2[5]" is stuck at VCC File: /home/someone/hassaan/nes/video_subsystem/assignment_top.v Line: 18
    Warning (13410): Pin "HEX2[6]" is stuck at VCC File: /home/someone/hassaan/nes/video_subsystem/assignment_top.v Line: 18
    Warning (13410): Pin "HEX3[0]" is stuck at VCC File: /home/someone/hassaan/nes/video_subsystem/assignment_top.v Line: 19
    Warning (13410): Pin "HEX3[1]" is stuck at VCC File: /home/someone/hassaan/nes/video_subsystem/assignment_top.v Line: 19
    Warning (13410): Pin "HEX3[2]" is stuck at VCC File: /home/someone/hassaan/nes/video_subsystem/assignment_top.v Line: 19
    Warning (13410): Pin "HEX3[3]" is stuck at VCC File: /home/someone/hassaan/nes/video_subsystem/assignment_top.v Line: 19
    Warning (13410): Pin "HEX3[4]" is stuck at VCC File: /home/someone/hassaan/nes/video_subsystem/assignment_top.v Line: 19
    Warning (13410): Pin "HEX3[5]" is stuck at VCC File: /home/someone/hassaan/nes/video_subsystem/assignment_top.v Line: 19
    Warning (13410): Pin "HEX3[6]" is stuck at VCC File: /home/someone/hassaan/nes/video_subsystem/assignment_top.v Line: 19
    Warning (13410): Pin "HEX4[0]" is stuck at VCC File: /home/someone/hassaan/nes/video_subsystem/assignment_top.v Line: 20
    Warning (13410): Pin "HEX4[1]" is stuck at VCC File: /home/someone/hassaan/nes/video_subsystem/assignment_top.v Line: 20
    Warning (13410): Pin "HEX4[2]" is stuck at VCC File: /home/someone/hassaan/nes/video_subsystem/assignment_top.v Line: 20
    Warning (13410): Pin "HEX4[3]" is stuck at VCC File: /home/someone/hassaan/nes/video_subsystem/assignment_top.v Line: 20
    Warning (13410): Pin "HEX4[4]" is stuck at VCC File: /home/someone/hassaan/nes/video_subsystem/assignment_top.v Line: 20
    Warning (13410): Pin "HEX4[5]" is stuck at VCC File: /home/someone/hassaan/nes/video_subsystem/assignment_top.v Line: 20
    Warning (13410): Pin "HEX4[6]" is stuck at VCC File: /home/someone/hassaan/nes/video_subsystem/assignment_top.v Line: 20
    Warning (13410): Pin "HEX5[0]" is stuck at VCC File: /home/someone/hassaan/nes/video_subsystem/assignment_top.v Line: 22
    Warning (13410): Pin "HEX5[1]" is stuck at VCC File: /home/someone/hassaan/nes/video_subsystem/assignment_top.v Line: 22
    Warning (13410): Pin "HEX5[2]" is stuck at VCC File: /home/someone/hassaan/nes/video_subsystem/assignment_top.v Line: 22
    Warning (13410): Pin "HEX5[3]" is stuck at VCC File: /home/someone/hassaan/nes/video_subsystem/assignment_top.v Line: 22
    Warning (13410): Pin "HEX5[4]" is stuck at VCC File: /home/someone/hassaan/nes/video_subsystem/assignment_top.v Line: 22
    Warning (13410): Pin "HEX5[5]" is stuck at VCC File: /home/someone/hassaan/nes/video_subsystem/assignment_top.v Line: 22
    Warning (13410): Pin "HEX5[6]" is stuck at VCC File: /home/someone/hassaan/nes/video_subsystem/assignment_top.v Line: 22
Info (286030): Timing-Driven Synthesis is running
Info (17049): 4 registers lost all their fanouts during netlist optimizations.
Info (144001): Generated suppressed messages file /home/someone/hassaan/nes/output_files/nes.map.smsg
Info (16010): Generating hard_block partition "hard_block:auto_generated_inst"
    Info (16011): Adding 9 node(s), including 0 DDIO, 1 PLL, 0 transceiver and 0 LCELL
Warning (21074): Design contains 3 input pin(s) that do not drive logic
    Warning (15610): No output dependent on input pin "KEY[1]" File: /home/someone/hassaan/nes/video_subsystem/assignment_top.v Line: 3
    Warning (15610): No output dependent on input pin "KEY[2]" File: /home/someone/hassaan/nes/video_subsystem/assignment_top.v Line: 3
    Warning (15610): No output dependent on input pin "SW[8]" File: /home/someone/hassaan/nes/video_subsystem/assignment_top.v Line: 4
Info (21057): Implemented 571 device resources after synthesis - the final resource count might be different
    Info (21058): Implemented 15 input pins
    Info (21059): Implemented 81 output pins
    Info (21061): Implemented 465 logic cells
    Info (21064): Implemented 9 RAM segments
    Info (21065): Implemented 1 PLLs
Info: Quartus Prime Analysis & Synthesis was successful. 0 errors, 61 warnings
    Info: Peak virtual memory: 500 megabytes
    Info: Processing ended: Fri Apr 17 19:09:19 2026
    Info: Elapsed time: 00:00:07
    Info: Total CPU time (on all processors): 00:00:17


+------------------------------------------+
; Analysis & Synthesis Suppressed Messages ;
+------------------------------------------+
The suppressed messages can be found in /home/someone/hassaan/nes/output_files/nes.map.smsg.


